{"cameraMode":{"drawMode":0,"name":"Shaded","section":"Shading Mode"},"sceneLighting":false,"audioPlay":false,"sceneViewState":{"showFog":true,"showMaterialUpdate":false,"showSkybox":false,"showFlares":true,"showImageEffects":true,"showParticleSystems":true},"in2DMode":false,"pivot":{"x":0.21896815299987794,"y":0.7314801812171936,"z":-0.25408464670181277},"rotation":{"x":-0.10524685680866242,"y":-0.7644022107124329,"z":0.129168301820755,"w":-0.6228395700454712},"size":2.360084295272827,"orthographic":false}