{"cameraMode":{"drawMode":0,"name":"Shaded","section":"Shading Mode"},"sceneLighting":true,"audioPlay":false,"sceneViewState":{"showFog":true,"showMaterialUpdate":false,"showSkybox":true,"showFlares":true,"showImageEffects":true,"showParticleSystems":true},"in2DMode":false,"pivot":{"x":-9.56975269317627,"y":-13.858625411987305,"z":-11.52170181274414},"rotation":{"x":-0.2970361113548279,"y":0.16421711444854737,"z":-0.05193588510155678,"w":-0.9392048716545105},"size":53.627445220947269,"orthographic":false}